{"cameraMode":{"drawMode":0,"name":"Shaded","section":"Shading Mode"},"sceneLighting":false,"audioPlay":false,"sceneViewState":{"showFog":true,"showMaterialUpdate":false,"showSkybox":false,"showFlares":true,"showImageEffects":true,"showParticleSystems":true},"in2DMode":false,"pivot":{"x":0.11278096586465836,"y":1.5261855125427247,"z":1.5795389413833619},"rotation":{"x":-0.07731441408395767,"y":0.9192107915878296,"z":-0.22817330062389375,"w":-0.3114660382270813},"size":1.3178722858428956,"orthographic":false}