{"cameraMode":{"drawMode":0,"name":"Shaded","section":"Shading Mode"},"sceneLighting":true,"audioPlay":false,"sceneViewState":{"showFog":true,"showMaterialUpdate":false,"showSkybox":true,"showFlares":true,"showImageEffects":true,"showParticleSystems":true},"in2DMode":false,"pivot":{"x":-0.051629990339279178,"y":0.876581072807312,"z":-0.6611492037773132},"rotation":{"x":-0.10794677585363388,"y":0.47588515281677248,"z":-0.05896398797631264,"w":-0.8708937168121338},"size":0.2588292956352234,"orthographic":false}